{"best_time":27.998880000001,"biases":[[0.665322856334319,-2.65409864890755,-3.93312636933056,3.42314308258657,-2.31409028723312,3.35146137902169],[0.244964785744315]],"child_number":169,"generation_number":16,"sizes":[4,6,1],"weights":[[-0.123922732356573,-6.56674280813125,16.6723728693322,4.79586880172615,-1.93429964478991,1.36557902102408,1.36044695130226,4.67314684729216,3.43755602844361,-5.7972539270632,-4.23116358036215,1.71074518717558,9.71722435799868,-1.41136992923459,-8.05080382216813,3.34196434610289,0.485645608877916,0.00595008807462355,-3.1475961641966,-10.8258946722944,-4.11585801170782,-2.02802126067823,0.141855603648944,-0.450838377271034],[5.27345866406706,8.58274223315129,3.00524900249914,-2.74701765520415,-6.13869806778912,-0.871302391745385]]}